TileID,Cross,Treatment,Tank,RecruitID,RecruitNumber,TimePoint,DHW,F,Y
2265,TL,Elevated,2,1,1,0,0,0.2118,NA
2265,TL,Elevated,2,2,2,0,0,0.2294,0.402
2232,TL,Ambient,3,1,3,0,0,0.3314,0.417
2232,TL,Ambient,3,2,4,0,0,0.2868,0.44
2232,TL,Ambient,3,3,5,0,0,0.3446,0.391
2232,TL,Ambient,3,4,6,0,0,0.2936,0.454
2323,TL,Ambient,3,1,7,0,0,NA,NA
2228,TL,Ambient,4,1,8,0,0,0.1701,0.48
2398,TL,Ambient,4,1,9,0,0,NA,NA
2204,TL,Elevated,6,1,10,0,0,0.3343,0.427
2330,TL,Elevated,6,1,11,0,0,0.2564,0.493
2230,TL,Ambient,7,1,12,0,0,0.225,0.459
2230,TL,Ambient,7,2,13,0,0,0.1814,0.452
2327,TL,Ambient,7,1,14,0,0,0.3387,0.429
2238,TL,Ambient,8,1,15,0,0,0.2574,0.487
2238,TL,Ambient,8,2,16,0,0,0.2882,0.473
2238,TL,Ambient,8,3,17,0,0,0.324,0.422
2310,TL,Ambient,8,1,18,0,0,0.2706,0.484
2310,TL,Ambient,8,2,19,0,0,0.2946,0.342
2586,TT,Elevated,1,1,20,0,0,0.2436,0.401
2586,TT,Elevated,1,2,21,0,0,0.2868,0.372
2586,TT,Elevated,1,3,22,0,0,0.1877,0.463
2586,TT,Elevated,1,4,23,0,0,0.1402,0.608
2586,TT,Elevated,1,5,24,0,0,0.2902,0.345
2411,TT,Elevated,2,1,25,0,0,0.1902,0.426
2411,TT,Elevated,2,2,26,0,0,0.1926,0.49
2411,TT,Elevated,2,3,27,0,0,0.2696,0.438
2411,TT,Elevated,2,4,28,0,0,0.251,0.487
2411,TT,Elevated,2,5,29,0,0,0.3382,0.386
2425,TT,Elevated,2,1,30,0,0,0.2309,0.373
2425,TT,Elevated,2,2,31,0,0,0.2784,0.355
2425,TT,Elevated,2,3,32,0,0,0.2402,0.435
2425,TT,Elevated,2,4,33,0,0,0.218,0.294
2425,TT,Elevated,2,5,34,0,0,0.2779,0.424
2446,TT,Ambient,3,1,35,0,0,0.2745,0.461
2446,TT,Ambient,3,2,36,0,0,0.2593,0.508
2446,TT,Ambient,3,3,37,0,0,0.2083,0.474
2446,TT,Ambient,3,4,38,0,0,0.2922,0.478
2446,TT,Ambient,3,5,39,0,0,0.3685,0.454
2410,TT,Ambient,4,1,40,0,0,0.176,0.592
2410,TT,Ambient,4,2,41,0,0,0.2044,0.517
2410,TT,Ambient,4,3,42,0,0,0.1961,0.537
2410,TT,Ambient,4,4,43,0,0,0.2103,0.479
2410,TT,Ambient,4,5,44,0,0,0.1863,0.566
2420,TT,Elevated,5,1,45,0,0,0.2216,0.47
2420,TT,Elevated,5,2,46,0,0,0.1971,0.463
2420,TT,Elevated,5,3,47,0,0,0.1956,0.473
2420,TT,Elevated,5,4,48,0,0,0.2725,0.428
2420,TT,Elevated,5,5,49,0,0,0.2441,0.432
2419,TT,Elevated,6,1,50,0,0,0.2328,0.444
2429,TT,Elevated,6,1,51,0,0,0.2858,0.37
2429,TT,Elevated,6,2,52,0,0,0.2637,0.388
2429,TT,Elevated,6,3,53,0,0,0.274,0.421
2429,TT,Elevated,6,4,54,0,0,0.2833,0.393
2429,TT,Elevated,6,5,55,0,0,0.2397,0.506
2450,TT,Ambient,7,1,56,0,0,0.2897,0.486
2450,TT,Ambient,7,2,57,0,0,0.3426,0.417
2450,TT,Ambient,7,3,58,0,0,0.4034,0.406
2450,TT,Ambient,7,4,59,0,0,0.3392,0.418
2450,TT,Ambient,7,5,60,0,0,0.4201,0.371
2542,TT,Ambient,7,1,61,0,0,0.2833,0.454
2426,TT,Ambient,8,1,62,0,0,0.4137,0.42
2426,TT,Ambient,8,2,63,0,0,0.3706,0.337
2426,TT,Ambient,8,3,64,0,0,0.3647,0.395
2426,TT,Ambient,8,4,65,0,0,0.3946,0.369
2426,TT,Ambient,8,5,66,0,0,0.4681,0.296
2052,LL,Elevated,1,1,67,0,0,0.2221,0.478
2052,LL,Elevated,1,2,68,0,0,0.2422,0.498
2052,LL,Elevated,1,3,69,0,0,0.248,0.471
2058,LL,Elevated,1,1,70,0,0,0.2559,0.449
2058,LL,Elevated,1,2,71,0,0,0.223,0.513
2058,LL,Elevated,1,3,72,0,0,0.2235,0.511
2058,LL,Elevated,1,4,73,0,0,0.2059,0.558
2058,LL,Elevated,1,5,74,0,0,0.2353,0.464
2057,LL,Elevated,2,1,75,0,0,0.2779,0.467
2057,LL,Elevated,2,2,76,0,0,0.3299,0.424
2057,LL,Elevated,2,3,77,0,0,0.3172,0.478
2057,LL,Elevated,2,4,78,0,0,0.3265,0.49
2057,LL,Elevated,2,5,79,0,0,0.3422,0.419
2054,LL,Ambient,3,1,80,0,0,NA,NA
2054,LL,Ambient,3,2,81,0,0,NA,NA
2054,LL,Ambient,3,3,82,0,0,NA,NA
2054,LL,Ambient,3,4,83,0,0,NA,NA
2054,LL,Ambient,3,5,84,0,0,NA,NA
2069,LL,Ambient,4,1,85,0,0,0.2495,0.446
2069,LL,Ambient,4,2,86,0,0,0.2809,0.458
2069,LL,Ambient,4,3,87,0,0,0.1926,0.488
2069,LL,Ambient,4,4,88,0,0,0.2265,0.468
2069,LL,Ambient,4,5,89,0,0,0.2466,0.361
2070,LL,Elevated,5,1,90,0,0,0.2843,0.481
2070,LL,Elevated,5,2,91,0,0,0.2034,0.522
2070,LL,Elevated,5,3,92,0,0,0.2206,0.508
2070,LL,Elevated,5,4,93,0,0,0.2485,0.497
2070,LL,Elevated,5,5,94,0,0,0.2088,0.522
2066,LL,Elevated,6,1,95,0,0,0.2333,0.343
2066,LL,Elevated,6,2,96,0,0,0.2466,0.439
2066,LL,Elevated,6,3,97,0,0,0.2475,0.505
2066,LL,Elevated,6,4,98,0,0,0.251,0.46
2066,LL,Elevated,6,5,99,0,0,0.2799,0.454
2046,LL,Ambient,7,1,100,0,0,0.0814,0.547
2046,LL,Ambient,7,2,101,0,0,0.1985,0.485
2046,LL,Ambient,7,3,102,0,0,0.2789,0.489
2046,LL,Ambient,7,4,103,0,0,0.2794,0.451
2046,LL,Ambient,7,5,104,0,0,0.2917,0.503
2127,LL,Ambient,8,1,105,0,0,0.252,0.511
2127,LL,Ambient,8,2,106,0,0,0.3549,0.466
2127,LL,Ambient,8,3,107,0,0,0.3441,0.491
2127,LL,Ambient,8,4,108,0,0,0.298,0.543
2127,LL,Ambient,8,5,109,0,0,0.4392,0.474
2134,LL,Ambient,8,1,110,0,0,0.2456,0.436
2134,LL,Ambient,8,2,111,0,0,0.2549,0.522
2134,LL,Ambient,8,3,112,0,0,0.2108,0.487
2134,LL,Ambient,8,4,113,0,0,0.2485,0.399
2134,LL,Ambient,8,5,114,0,0,0.2574,0.439
2265,TL,Elevated,2,1,115,14,0,0.2221,0.407
2265,TL,Elevated,2,2,116,14,0,0.1882,0.521
2232,TL,Ambient,3,1,117,14,0,0.2897,0.444
2232,TL,Ambient,3,2,118,14,0,0.3255,0.375
2232,TL,Ambient,3,3,119,14,0,0.3574,0.334
2232,TL,Ambient,3,4,120,14,0,0.2966,0.436
2323,TL,Ambient,3,1,121,14,0,0.1608,0.491
2228,TL,Ambient,4,1,122,14,0,0.2529,0.402
2398,TL,Ambient,4,1,123,14,0,0.2701,0.291
2204,TL,Elevated,6,1,124,14,0,0.3495,0.353
2330,TL,Elevated,6,1,125,14,0,0.2255,0.493
2230,TL,Ambient,7,1,126,14,0,0.2971,0.336
2230,TL,Ambient,7,2,127,14,0,0.227,0.36
2327,TL,Ambient,7,1,128,14,0,0.2598,0.566
2238,TL,Ambient,8,1,129,14,0,0.2123,0.481
2238,TL,Ambient,8,2,130,14,0,0.2725,0.45
2238,TL,Ambient,8,3,131,14,0,0.3412,0.385
2310,TL,Ambient,8,1,132,14,0,0.2588,0.495
2310,TL,Ambient,8,2,133,14,0,0.2265,0.419
2586,TT,Elevated,1,1,134,14,0,0.3539,0.314
2586,TT,Elevated,1,2,135,14,0,0.3431,0.332
2586,TT,Elevated,1,3,136,14,0,0.219,0.4
2586,TT,Elevated,1,4,137,14,0,0.159,0.571
2586,TT,Elevated,1,5,138,14,0,0.318,0.331
2411,TT,Elevated,2,1,139,14,0,0.2059,0.423
2411,TT,Elevated,2,2,140,14,0,0.2441,0.358
2411,TT,Elevated,2,3,141,14,0,0.3078,0.366
2411,TT,Elevated,2,4,142,14,0,0.2279,0.455
2411,TT,Elevated,2,5,143,14,0,0.3333,0.38
2425,TT,Elevated,2,1,144,14,0,0.3152,0.381
2425,TT,Elevated,2,2,145,14,0,0.3436,0.296
2425,TT,Elevated,2,3,146,14,0,0.2588,0.351
2425,TT,Elevated,2,4,147,14,0,0.2779,0.304
2425,TT,Elevated,2,5,148,14,0,0.2779,0.33
2446,TT,Ambient,3,1,149,14,0,0.2936,0.44
2446,TT,Ambient,3,2,150,14,0,0.2863,0.422
2446,TT,Ambient,3,3,151,14,0,0.2054,0.369
2446,TT,Ambient,3,4,152,14,0,0.2794,0.438
2446,TT,Ambient,3,5,153,14,0,0.349,0.412
2410,TT,Ambient,4,1,154,14,0,0.2995,0.348
2410,TT,Ambient,4,2,155,14,0,0.3172,0.283
2410,TT,Ambient,4,3,156,14,0,0.2887,0.318
2410,TT,Ambient,4,4,157,14,0,0.3324,0.303
2410,TT,Ambient,4,5,158,14,0,0.2951,0.296
2420,TT,Elevated,5,1,159,14,0,0.2819,0.319
2420,TT,Elevated,5,2,160,14,0,0.2485,0.34
2420,TT,Elevated,5,3,161,14,0,0.2426,0.356
2420,TT,Elevated,5,4,162,14,0,0.2951,0.324
2420,TT,Elevated,5,5,163,14,0,0.2387,0.316
2419,TT,Elevated,6,1,164,14,0,0.2706,0.408
2429,TT,Elevated,6,1,165,14,0,0.3132,0.333
2429,TT,Elevated,6,2,166,14,0,0.2725,0.341
2429,TT,Elevated,6,3,167,14,0,0.2794,0.312
2429,TT,Elevated,6,4,168,14,0,0.3044,0.281
2429,TT,Elevated,6,5,169,14,0,0.2588,0.404
2450,TT,Ambient,7,1,170,14,0,0.2186,0.493
2450,TT,Ambient,7,2,171,14,0,0.3015,0.45
2450,TT,Ambient,7,3,172,14,0,0.3108,0.438
2450,TT,Ambient,7,4,173,14,0,0.3441,0.318
2450,TT,Ambient,7,5,174,14,0,0.3868,0.367
2542,TT,Ambient,7,1,175,14,0,0.2549,0.429
2426,TT,Ambient,8,1,176,14,0,0.4039,0.33
2426,TT,Ambient,8,2,177,14,0,0.3275,0.32
2426,TT,Ambient,8,3,178,14,0,0.3902,0.328
2426,TT,Ambient,8,4,179,14,0,0.3922,0.321
2426,TT,Ambient,8,5,180,14,0,0.4039,0.337
2052,LL,Elevated,1,1,181,14,0,0.276,0.4
2052,LL,Elevated,1,2,182,14,0,0.2922,0.414
2052,LL,Elevated,1,3,183,14,0,0.2951,0.425
2058,LL,Elevated,1,1,184,14,0,0.277,0.443
2058,LL,Elevated,1,2,185,14,0,0.2324,0.537
2058,LL,Elevated,1,3,186,14,0,0.2348,0.52
2058,LL,Elevated,1,4,187,14,0,0.174,0.523
2058,LL,Elevated,1,5,188,14,0,0.2966,0.458
2057,LL,Elevated,2,1,189,14,0,0.3441,0.409
2057,LL,Elevated,2,2,190,14,0,0.3775,0.393
2057,LL,Elevated,2,3,191,14,0,0.3456,0.433
2057,LL,Elevated,2,4,192,14,0,0.3711,0.472
2057,LL,Elevated,2,5,193,14,0,0.3672,0.392
2054,LL,Ambient,3,1,194,14,0,0.2676,0.495
2054,LL,Ambient,3,2,195,14,0,0.2338,0.495
2054,LL,Ambient,3,3,196,14,0,0.2623,0.421
2054,LL,Ambient,3,4,197,14,0,0.276,0.452
2054,LL,Ambient,3,5,198,14,0,0.2363,0.488
2069,LL,Ambient,4,1,199,14,0,0.252,0.384
2069,LL,Ambient,4,2,200,14,0,0.2471,0.51
2069,LL,Ambient,4,3,201,14,0,0.2029,0.404
2069,LL,Ambient,4,4,202,14,0,0.1971,0.436
2069,LL,Ambient,4,5,203,14,0,0.2167,0.371
2070,LL,Elevated,5,1,204,14,0,0.2794,0.412
2070,LL,Elevated,5,2,205,14,0,0.2358,0.466
2070,LL,Elevated,5,3,206,14,0,0.2333,0.445
2070,LL,Elevated,5,4,207,14,0,0.2108,0.553
2070,LL,Elevated,5,5,208,14,0,0.2088,0.502
2066,LL,Elevated,6,1,209,14,0,0.2525,0.27
2066,LL,Elevated,6,2,210,14,0,0.2495,0.353
2066,LL,Elevated,6,3,211,14,0,0.274,0.407
2066,LL,Elevated,6,4,212,14,0,0.2676,0.375
2066,LL,Elevated,6,5,213,14,0,0.2426,0.333
2046,LL,Ambient,7,1,214,14,0,0.2206,0.48
2046,LL,Ambient,7,2,215,14,0,0.2755,0.454
2046,LL,Ambient,7,3,216,14,0,0.3147,0.367
2046,LL,Ambient,7,4,217,14,0,0.3015,0.389
2046,LL,Ambient,7,5,218,14,0,0.3034,0.439
2127,LL,Ambient,8,1,219,14,0,0.2569,0.464
2127,LL,Ambient,8,2,220,14,0,0.3279,0.39
2127,LL,Ambient,8,3,221,14,0,0.3211,0.456
2127,LL,Ambient,8,4,222,14,0,0.326,0.508
2127,LL,Ambient,8,5,223,14,0,0.4475,0.43
2134,LL,Ambient,8,1,224,14,0,0.2603,0.55
2134,LL,Ambient,8,2,225,14,0,0.2569,0.584
2134,LL,Ambient,8,3,226,14,0,0.25,0.508
2134,LL,Ambient,8,4,227,14,0,0.2931,0.453
2134,LL,Ambient,8,5,228,14,0,0.2779,0.473
2265,TL,Elevated,2,1,229,28,2.392242857,0.2877,0.371
2265,TL,Elevated,2,2,230,28,2.392242857,0.1922,0.52
2232,TL,Ambient,3,1,231,28,2.392242857,0.2892,0.438
2232,TL,Ambient,3,2,232,28,2.392242857,NA,NA
2232,TL,Ambient,3,3,233,28,2.392242857,0.3289,0.298
2232,TL,Ambient,3,4,234,28,2.392242857,0.2686,0.407
2323,TL,Ambient,3,1,235,28,2.392242857,0.1451,0.465
2228,TL,Ambient,4,1,236,28,2.392242857,0.277,0.344
2398,TL,Ambient,4,1,237,28,2.392242857,0.276,0.383
2204,TL,Elevated,6,1,238,28,2.392242857,0.2755,0.361
2330,TL,Elevated,6,1,239,28,2.392242857,NA,NA
2230,TL,Ambient,7,1,240,28,2.392242857,0.2422,0.415
2230,TL,Ambient,7,2,241,28,2.392242857,0.1858,0.36
2327,TL,Ambient,7,1,242,28,2.392242857,0.2819,0.521
2238,TL,Ambient,8,1,243,28,2.392242857,0.1397,0.473
2238,TL,Ambient,8,2,244,28,2.392242857,0.2632,0.384
2238,TL,Ambient,8,3,245,28,2.392242857,0.2907,0.36
2310,TL,Ambient,8,1,246,28,2.392242857,NA,NA
2310,TL,Ambient,8,2,247,28,2.392242857,NA,NA
2586,TT,Elevated,1,1,248,28,2.392242857,0.3466,0.315
2586,TT,Elevated,1,2,249,28,2.392242857,0.3833,0.324
2586,TT,Elevated,1,3,250,28,2.392242857,0.272,0.401
2586,TT,Elevated,1,4,251,28,2.392242857,0.349,NA
2586,TT,Elevated,1,5,252,28,2.392242857,0.3779,0.347
2411,TT,Elevated,2,1,253,28,2.392242857,0.2309,0.372
2411,TT,Elevated,2,2,254,28,2.392242857,0.2657,0.391
2411,TT,Elevated,2,3,255,28,2.392242857,0.3275,0.383
2411,TT,Elevated,2,4,256,28,2.392242857,0.3098,0.391
2411,TT,Elevated,2,5,257,28,2.392242857,0.3902,0.367
2425,TT,Elevated,2,1,258,28,2.392242857,0.3838,0.346
2425,TT,Elevated,2,2,259,28,2.392242857,0.3936,0.304
2425,TT,Elevated,2,3,260,28,2.392242857,0.3701,0.337
2425,TT,Elevated,2,4,261,28,2.392242857,0.3113,0.3
2425,TT,Elevated,2,5,262,28,2.392242857,0.2912,0.313
2446,TT,Ambient,3,1,263,28,2.392242857,0.2603,0.479
2446,TT,Ambient,3,2,264,28,2.392242857,0.2676,0.42
2446,TT,Ambient,3,3,265,28,2.392242857,0.2152,0.291
2446,TT,Ambient,3,4,266,28,2.392242857,0.1995,0.523
2446,TT,Ambient,3,5,267,28,2.392242857,0.3461,0.453
2410,TT,Ambient,4,1,268,28,2.392242857,0.375,0.343
2410,TT,Ambient,4,2,269,28,2.392242857,0.3324,0.346
2410,TT,Ambient,4,3,270,28,2.392242857,0.2338,0.392
2410,TT,Ambient,4,4,271,28,2.392242857,0.3191,0.388
2410,TT,Ambient,4,5,272,28,2.392242857,0.3294,0.306
2420,TT,Elevated,5,1,273,28,2.392242857,0.2985,0.349
2420,TT,Elevated,5,2,274,28,2.392242857,0.3275,0.337
2420,TT,Elevated,5,3,275,28,2.392242857,0.3265,0.321
2420,TT,Elevated,5,4,276,28,2.392242857,0.3618,0.322
2420,TT,Elevated,5,5,277,28,2.392242857,0.2765,0.365
2419,TT,Elevated,6,1,278,28,2.392242857,0.2569,0.413
2429,TT,Elevated,6,1,279,28,2.392242857,0.3559,0.389
2429,TT,Elevated,6,2,280,28,2.392242857,0.3912,0.334
2429,TT,Elevated,6,3,281,28,2.392242857,0.2814,0.391
2429,TT,Elevated,6,4,282,28,2.392242857,0.3804,0.352
2429,TT,Elevated,6,5,283,28,2.392242857,0.252,0.415
2450,TT,Ambient,7,1,284,28,2.392242857,0.2348,0.395
2450,TT,Ambient,7,2,285,28,2.392242857,0.2877,0.44
2450,TT,Ambient,7,3,286,28,2.392242857,0.2971,0.469
2450,TT,Ambient,7,4,287,28,2.392242857,0.3627,0.306
2450,TT,Ambient,7,5,288,28,2.392242857,0.4127,0.313
2542,TT,Ambient,7,1,289,28,2.392242857,0.2711,0.415
2426,TT,Ambient,8,1,290,28,2.392242857,0.3902,0.263
2426,TT,Ambient,8,2,291,28,2.392242857,0.2706,0.33
2426,TT,Ambient,8,3,292,28,2.392242857,0.3897,0.312
2426,TT,Ambient,8,4,293,28,2.392242857,0.4221,0.294
2426,TT,Ambient,8,5,294,28,2.392242857,0.4147,0.293
2052,LL,Elevated,1,1,295,28,2.392242857,0.2863,0.433
2052,LL,Elevated,1,2,296,28,2.392242857,0.2696,0.523
2052,LL,Elevated,1,3,297,28,2.392242857,0.325,0.423
2058,LL,Elevated,1,1,298,28,2.392242857,NA,NA
2058,LL,Elevated,1,2,299,28,2.392242857,NA,NA
2058,LL,Elevated,1,3,300,28,2.392242857,NA,NA
2058,LL,Elevated,1,4,301,28,2.392242857,NA,NA
2058,LL,Elevated,1,5,302,28,2.392242857,NA,NA
2057,LL,Elevated,2,1,303,28,2.392242857,0.2995,0.457
2057,LL,Elevated,2,2,304,28,2.392242857,0.3554,0.426
2057,LL,Elevated,2,3,305,28,2.392242857,0.3059,0.489
2057,LL,Elevated,2,4,306,28,2.392242857,0.3676,0.469
2057,LL,Elevated,2,5,307,28,2.392242857,0.4147,0.385
2054,LL,Ambient,3,1,308,28,2.392242857,0.2255,0.533
2054,LL,Ambient,3,2,309,28,2.392242857,0.2225,0.503
2054,LL,Ambient,3,3,310,28,2.392242857,0.2873,0.436
2054,LL,Ambient,3,4,311,28,2.392242857,0.2662,0.431
2054,LL,Ambient,3,5,312,28,2.392242857,0.2471,0.481
2069,LL,Ambient,4,1,313,28,2.392242857,0.2672,0.399
2069,LL,Ambient,4,2,314,28,2.392242857,0.2059,0.523
2069,LL,Ambient,4,3,315,28,2.392242857,0.1907,0.402
2069,LL,Ambient,4,4,316,28,2.392242857,0.2216,0.45
2069,LL,Ambient,4,5,317,28,2.392242857,0.2373,0.363
2070,LL,Elevated,5,1,318,28,2.392242857,0.2975,0.487
2070,LL,Elevated,5,2,319,28,2.392242857,0.2691,0.518
2070,LL,Elevated,5,3,320,28,2.392242857,0.2431,0.492
2070,LL,Elevated,5,4,321,28,2.392242857,0.2172,0.45
2070,LL,Elevated,5,5,322,28,2.392242857,0.2176,0.509
2066,LL,Elevated,6,1,323,28,2.392242857,0.2353,0.351
2066,LL,Elevated,6,2,324,28,2.392242857,0.249,0.44
2066,LL,Elevated,6,3,325,28,2.392242857,0.2451,0.445
2066,LL,Elevated,6,4,326,28,2.392242857,0.248,0.406
2066,LL,Elevated,6,5,327,28,2.392242857,0.2387,0.394
2046,LL,Ambient,7,1,328,28,2.392242857,0.25,0.489
2046,LL,Ambient,7,2,329,28,2.392242857,0.2696,0.491
2046,LL,Ambient,7,3,330,28,2.392242857,0.3049,0.471
2046,LL,Ambient,7,4,331,28,2.392242857,0.3078,0.457
2046,LL,Ambient,7,5,332,28,2.392242857,0.2652,0.493
2127,LL,Ambient,8,1,333,28,2.392242857,0.277,0.437
2127,LL,Ambient,8,2,334,28,2.392242857,0.3392,0.41
2127,LL,Ambient,8,3,335,28,2.392242857,0.3039,0.455
2127,LL,Ambient,8,4,336,28,2.392242857,0.3368,0.494
2127,LL,Ambient,8,5,337,28,2.392242857,0.3887,0.438
2134,LL,Ambient,8,1,338,28,2.392242857,0.2407,0.539
2134,LL,Ambient,8,2,339,28,2.392242857,0.2373,0.548
2134,LL,Ambient,8,3,340,28,2.392242857,0.252,0.491
2134,LL,Ambient,8,4,341,28,2.392242857,0.3015,0.414
2134,LL,Ambient,8,5,342,28,2.392242857,0.2765,0.423
2265,TL,Elevated,2,1,343,42,6.155814286,0.223,0.492
2265,TL,Elevated,2,2,344,42,6.155814286,0.1363,0.589
2232,TL,Ambient,3,1,345,42,6.155814286,0.2221,0.525
2232,TL,Ambient,3,2,346,42,6.155814286,NA,NA
2232,TL,Ambient,3,3,347,42,6.155814286,0.2431,0.44
2232,TL,Ambient,3,4,348,42,6.155814286,NA,NA
2323,TL,Ambient,3,1,349,42,6.155814286,0.1407,0.531
2228,TL,Ambient,4,1,350,42,6.155814286,0.2853,0.371
2398,TL,Ambient,4,1,351,42,6.155814286,0.2343,0.394
2204,TL,Elevated,6,1,352,42,6.155814286,0.2529,0.422
2330,TL,Elevated,6,1,353,42,6.155814286,NA,NA
2230,TL,Ambient,7,1,354,42,6.155814286,0.2314,0.396
2230,TL,Ambient,7,2,355,42,6.155814286,NA,NA
2327,TL,Ambient,7,1,356,42,6.155814286,0.2275,0.517
2238,TL,Ambient,8,1,357,42,6.155814286,0.2064,0.42
2238,TL,Ambient,8,2,358,42,6.155814286,NA,NA
2238,TL,Ambient,8,3,359,42,6.155814286,NA,NA
2310,TL,Ambient,8,1,360,42,6.155814286,NA,NA
2310,TL,Ambient,8,2,361,42,6.155814286,NA,NA
2586,TT,Elevated,1,1,362,42,6.155814286,0.3088,0.355
2586,TT,Elevated,1,2,363,42,6.155814286,0.3368,0.36
2586,TT,Elevated,1,3,364,42,6.155814286,0.3049,0.352
2586,TT,Elevated,1,4,365,42,6.155814286,NA,NA
2586,TT,Elevated,1,5,366,42,6.155814286,0.3623,0.37
2411,TT,Elevated,2,1,367,42,6.155814286,NA,NA
2411,TT,Elevated,2,2,368,42,6.155814286,0.252,0.358
2411,TT,Elevated,2,3,369,42,6.155814286,NA,NA
2411,TT,Elevated,2,4,370,42,6.155814286,0.2196,0.454
2411,TT,Elevated,2,5,371,42,6.155814286,0.3598,0.383
2425,TT,Elevated,2,1,372,42,6.155814286,0.3603,0.392
2425,TT,Elevated,2,2,373,42,6.155814286,0.3495,0.353
2425,TT,Elevated,2,3,374,42,6.155814286,0.2828,0.406
2425,TT,Elevated,2,4,375,42,6.155814286,0.2676,0.384
2425,TT,Elevated,2,5,376,42,6.155814286,0.227,0.479
2446,TT,Ambient,3,1,377,42,6.155814286,0.1471,0.551
2446,TT,Ambient,3,2,378,42,6.155814286,0.2314,0.482
2446,TT,Ambient,3,3,379,42,6.155814286,0.1819,0.417
2446,TT,Ambient,3,4,380,42,6.155814286,NA,NA
2446,TT,Ambient,3,5,381,42,6.155814286,0.2059,0.62
2410,TT,Ambient,4,1,382,42,6.155814286,0.2956,0.426
2410,TT,Ambient,4,2,383,42,6.155814286,0.327,0.375
2410,TT,Ambient,4,3,384,42,6.155814286,NA,NA
2410,TT,Ambient,4,4,385,42,6.155814286,0.2985,0.417
2410,TT,Ambient,4,5,386,42,6.155814286,0.2544,0.451
2420,TT,Elevated,5,1,387,42,6.155814286,0.2206,0.417
2420,TT,Elevated,5,2,388,42,6.155814286,0.2221,0.441
2420,TT,Elevated,5,3,389,42,6.155814286,0.2044,0.477
2420,TT,Elevated,5,4,390,42,6.155814286,0.2466,0.454
2420,TT,Elevated,5,5,391,42,6.155814286,0.2005,0.486
2419,TT,Elevated,6,1,392,42,6.155814286,2358,0.421
2429,TT,Elevated,6,1,393,42,6.155814286,NA,NA
2429,TT,Elevated,6,2,394,42,6.155814286,0.2446,0.358
2429,TT,Elevated,6,3,395,42,6.155814286,NA,NA
2429,TT,Elevated,6,4,396,42,6.155814286,0.1975,0.373
2429,TT,Elevated,6,5,397,42,6.155814286,0.2373,0.41
2450,TT,Ambient,7,1,398,42,6.155814286,0.2441,0.378
2450,TT,Ambient,7,2,399,42,6.155814286,0.302,0.387
2450,TT,Ambient,7,3,400,42,6.155814286,0.3049,0.411
2450,TT,Ambient,7,4,401,42,6.155814286,0.2975,0.398
2450,TT,Ambient,7,5,402,42,6.155814286,0.3569,0.381
2542,TT,Ambient,7,1,403,42,6.155814286,0.2078,0.408
2426,TT,Ambient,8,1,404,42,6.155814286,NA,NA
2426,TT,Ambient,8,2,405,42,6.155814286,NA,NA
2426,TT,Ambient,8,3,406,42,6.155814286,0.2951,0.435
2426,TT,Ambient,8,4,407,42,6.155814286,0.2399,0.338
2426,TT,Ambient,8,5,408,42,6.155814286,NA,NA
2052,LL,Elevated,1,1,409,42,6.155814286,0.2397,0.483
2052,LL,Elevated,1,2,410,42,6.155814286,0.2422,0.527
2052,LL,Elevated,1,3,411,42,6.155814286,0.2833,0.489
2058,LL,Elevated,1,1,412,42,6.155814286,0.2275,0.485
2058,LL,Elevated,1,2,413,42,6.155814286,0.2069,0.541
2058,LL,Elevated,1,3,414,42,6.155814286,0.199,0.507
2058,LL,Elevated,1,4,415,42,6.155814286,NA,NA
2058,LL,Elevated,1,5,416,42,6.155814286,0.3265,0.453
2057,LL,Elevated,2,1,417,42,6.155814286,0.2456,0.53
2057,LL,Elevated,2,2,418,42,6.155814286,0.3069,0.49
2057,LL,Elevated,2,3,419,42,6.155814286,0.2926,0.532
2057,LL,Elevated,2,4,420,42,6.155814286,0.3113,0.539
2057,LL,Elevated,2,5,421,42,6.155814286,0.3392,0.473
2054,LL,Ambient,3,1,422,42,6.155814286,0.1926,0.591
2054,LL,Ambient,3,2,423,42,6.155814286,0.176,0.569
2054,LL,Ambient,3,3,424,42,6.155814286,0.2176,0.538
2054,LL,Ambient,3,4,425,42,6.155814286,0.2397,0.464
2054,LL,Ambient,3,5,426,42,6.155814286,0.2382,0.532
2069,LL,Ambient,4,1,427,42,6.155814286,0.2588,0.483
2069,LL,Ambient,4,2,428,42,6.155814286,0.2495,0.453
2069,LL,Ambient,4,3,429,42,6.155814286,0.1637,0.563
2069,LL,Ambient,4,4,430,42,6.155814286,0.1657,0.539
2069,LL,Ambient,4,5,431,42,6.155814286,0.2069,0.469
2070,LL,Elevated,5,1,432,42,6.155814286,0.2324,0.547
2070,LL,Elevated,5,2,433,42,6.155814286,0.2044,0.575
2070,LL,Elevated,5,3,434,42,6.155814286,0.1907,0.577
2070,LL,Elevated,5,4,435,42,6.155814286,0.1833,0.567
2070,LL,Elevated,5,5,436,42,6.155814286,0.1922,0.518
2066,LL,Elevated,6,1,437,42,6.155814286,0.2069,0.492
2066,LL,Elevated,6,2,438,42,6.155814286,0.226,0.519
2066,LL,Elevated,6,3,439,42,6.155814286,0.2485,0.491
2066,LL,Elevated,6,4,440,42,6.155814286,0.2216,0.51
2066,LL,Elevated,6,5,441,42,6.155814286,0.2328,0.483
2046,LL,Ambient,7,1,442,42,6.155814286,0.173,0.554
2046,LL,Ambient,7,2,443,42,6.155814286,0.2064,0.541
2046,LL,Ambient,7,3,444,42,6.155814286,0.226,0.543
2046,LL,Ambient,7,4,445,42,6.155814286,0.2662,0.491
2046,LL,Ambient,7,5,446,42,6.155814286,0.2456,0.513
2127,LL,Ambient,8,1,447,42,6.155814286,0.2191,0.502
2127,LL,Ambient,8,2,448,42,6.155814286,NA,NA
2127,LL,Ambient,8,3,449,42,6.155814286,NA,NA
2127,LL,Ambient,8,4,450,42,6.155814286,0.2564,0.549
2127,LL,Ambient,8,5,451,42,6.155814286,0.3377,0.529
2134,LL,Ambient,8,1,452,42,6.155814286,0.1941,0.58
2134,LL,Ambient,8,2,453,42,6.155814286,0.2118,0.56
2134,LL,Ambient,8,3,454,42,6.155814286,0.2093,0.551
2134,LL,Ambient,8,4,455,42,6.155814286,0.2358,0.473
2134,LL,Ambient,8,5,456,42,6.155814286,0.2471,0.452
2265,TL,Elevated,2,1,457,56,9.931214286,NA,NA
2265,TL,Elevated,2,2,458,56,9.931214286,0.1294,0.568
2232,TL,Ambient,3,1,459,56,9.931214286,0.1941,0.459
2232,TL,Ambient,3,2,460,56,9.931214286,NA,NA
2232,TL,Ambient,3,3,461,56,9.931214286,NA,NA
2232,TL,Ambient,3,4,462,56,9.931214286,NA,NA
2323,TL,Ambient,3,1,463,56,9.931214286,0.1652,0.501
2228,TL,Ambient,4,1,464,56,9.931214286,0.273,0.333
2398,TL,Ambient,4,1,465,56,9.931214286,0.249,0.496
2204,TL,Elevated,6,1,466,56,9.931214286,0.3137,0.402
2330,TL,Elevated,6,1,467,56,9.931214286,NA,NA
2230,TL,Ambient,7,1,468,56,9.931214286,0.2397,0.43
2230,TL,Ambient,7,2,469,56,9.931214286,NA,NA
2327,TL,Ambient,7,1,470,56,9.931214286,0.2069,0.484
2238,TL,Ambient,8,1,471,56,9.931214286,0.2618,0.395
2238,TL,Ambient,8,2,472,56,9.931214286,NA,NA
2238,TL,Ambient,8,3,473,56,9.931214286,NA,NA
2310,TL,Ambient,8,1,474,56,9.931214286,NA,NA
2310,TL,Ambient,8,2,475,56,9.931214286,NA,NA
2586,TT,Elevated,1,1,476,56,9.931214286,0.3382,0.347
2586,TT,Elevated,1,2,477,56,9.931214286,0.3495,0.346
2586,TT,Elevated,1,3,478,56,9.931214286,NA,NA
2586,TT,Elevated,1,4,479,56,9.931214286,NA,NA
2586,TT,Elevated,1,5,480,56,9.931214286,0.3485,0.371
2411,TT,Elevated,2,1,481,56,9.931214286,NA,NA
2411,TT,Elevated,2,2,482,56,9.931214286,0.2559,0.279
2411,TT,Elevated,2,3,483,56,9.931214286,0.2985,0.362
2411,TT,Elevated,2,4,484,56,9.931214286,0.2892,0.346
2411,TT,Elevated,2,5,485,56,9.931214286,0.3113,0.433
2425,TT,Elevated,2,1,486,56,9.931214286,0.3127,0.395
2425,TT,Elevated,2,2,487,56,9.931214286,0.3627,0.379
2425,TT,Elevated,2,3,488,56,9.931214286,0.2951,0.36
2425,TT,Elevated,2,4,489,56,9.931214286,0.2221,0.384
2425,TT,Elevated,2,5,490,56,9.931214286,NA,NA
2446,TT,Ambient,3,1,491,56,9.931214286,NA,NA
2446,TT,Ambient,3,2,492,56,9.931214286,0.2672,0.388
2446,TT,Ambient,3,3,493,56,9.931214286,0.1755,0.356
2446,TT,Ambient,3,4,494,56,9.931214286,NA,NA
2446,TT,Ambient,3,5,495,56,9.931214286,NA,NA
2410,TT,Ambient,4,1,496,56,9.931214286,0.2618,0.438
2410,TT,Ambient,4,2,497,56,9.931214286,0.299,0.357
2410,TT,Ambient,4,3,498,56,9.931214286,NA,NA
2410,TT,Ambient,4,4,499,56,9.931214286,0.2672,0.443
2410,TT,Ambient,4,5,500,56,9.931214286,0.2225,0.458
2420,TT,Elevated,5,1,501,56,9.931214286,0.1819,0.527
2420,TT,Elevated,5,2,502,56,9.931214286,0.175,0.494
2420,TT,Elevated,5,3,503,56,9.931214286,0.1775,0.526
2420,TT,Elevated,5,4,504,56,9.931214286,0.1446,0.567
2420,TT,Elevated,5,5,505,56,9.931214286,0.1686,0.543
2419,TT,Elevated,6,1,506,56,9.931214286,0.2176,0.457
2429,TT,Elevated,6,1,507,56,9.931214286,NA,NA
2429,TT,Elevated,6,2,508,56,9.931214286,0.225,0.39
2429,TT,Elevated,6,3,509,56,9.931214286,NA,NA
2429,TT,Elevated,6,4,510,56,9.931214286,NA,NA
2429,TT,Elevated,6,5,511,56,9.931214286,0.2118,0.457
2450,TT,Ambient,7,1,512,56,9.931214286,0.199,0.45
2450,TT,Ambient,7,2,513,56,9.931214286,0.2882,0.41
2450,TT,Ambient,7,3,514,56,9.931214286,0.25,0.463
2450,TT,Ambient,7,4,515,56,9.931214286,0.3583,0.408
2450,TT,Ambient,7,5,516,56,9.931214286,0.326,0.397
2542,TT,Ambient,7,1,517,56,9.931214286,0.2275,0.429
2426,TT,Ambient,8,1,518,56,9.931214286,NA,NA
2426,TT,Ambient,8,2,519,56,9.931214286,NA,NA
2426,TT,Ambient,8,3,520,56,9.931214286,0.3265,0.371
2426,TT,Ambient,8,4,521,56,9.931214286,0.3176,0.296
2426,TT,Ambient,8,5,522,56,9.931214286,NA,NA
2052,LL,Elevated,1,1,523,56,9.931214286,0.2485,0.458
2052,LL,Elevated,1,2,524,56,9.931214286,0.2794,0.483
2052,LL,Elevated,1,3,525,56,9.931214286,0.3137,0.477
2058,LL,Elevated,1,1,526,56,9.931214286,0.2147,0.492
2058,LL,Elevated,1,2,527,56,9.931214286,NA,NA
2058,LL,Elevated,1,3,528,56,9.931214286,NA,NA
2058,LL,Elevated,1,4,529,56,9.931214286,NA,NA
2058,LL,Elevated,1,5,530,56,9.931214286,0.2716,0.511
2057,LL,Elevated,2,1,531,56,9.931214286,0.226,0.493
2057,LL,Elevated,2,2,532,56,9.931214286,0.2912,0.472
2057,LL,Elevated,2,3,533,56,9.931214286,0.2716,0.502
2057,LL,Elevated,2,4,534,56,9.931214286,0.3039,0.5
2057,LL,Elevated,2,5,535,56,9.931214286,NA,NA
2054,LL,Ambient,3,1,536,56,9.931214286,0.1828,0.567
2054,LL,Ambient,3,2,537,56,9.931214286,0.1701,0.549
2054,LL,Ambient,3,3,538,56,9.931214286,0.2157,0.517
2054,LL,Ambient,3,4,539,56,9.931214286,0.248,0.445
2054,LL,Ambient,3,5,540,56,9.931214286,0.2363,0.525
2069,LL,Ambient,4,1,541,56,9.931214286,0.2745,0.45
2069,LL,Ambient,4,2,542,56,9.931214286,NA,NA
2069,LL,Ambient,4,3,543,56,9.931214286,0.1706,0.51
2069,LL,Ambient,4,4,544,56,9.931214286,0.1578,0.48
2069,LL,Ambient,4,5,545,56,9.931214286,0.2127,0.436
2070,LL,Elevated,5,1,546,56,9.931214286,0.1294,0.526
2070,LL,Elevated,5,2,547,56,9.931214286,0.2368,0.528
2070,LL,Elevated,5,3,548,56,9.931214286,0.2172,0.569
2070,LL,Elevated,5,4,549,56,9.931214286,NA,NA
2070,LL,Elevated,5,5,550,56,9.931214286,0.1828,0.502
2066,LL,Elevated,6,1,551,56,9.931214286,NA,NA
2066,LL,Elevated,6,2,552,56,9.931214286,NA,NA
2066,LL,Elevated,6,3,553,56,9.931214286,0.2324,0.464
2066,LL,Elevated,6,4,554,56,9.931214286,0.2025,0.495
2066,LL,Elevated,6,5,555,56,9.931214286,0.1917,0.461
2046,LL,Ambient,7,1,556,56,9.931214286,0.1951,0.554
2046,LL,Ambient,7,2,557,56,9.931214286,0.2132,0.527
2046,LL,Ambient,7,3,558,56,9.931214286,0.2299,0.546
2046,LL,Ambient,7,4,559,56,9.931214286,0.2804,0.5
2046,LL,Ambient,7,5,560,56,9.931214286,0.2397,0.507
2127,LL,Ambient,8,1,561,56,9.931214286,0.1873,0.528
2127,LL,Ambient,8,2,562,56,9.931214286,NA,NA
2127,LL,Ambient,8,3,563,56,9.931214286,NA,NA
2127,LL,Ambient,8,4,564,56,9.931214286,0.2931,0.528
2127,LL,Ambient,8,5,565,56,9.931214286,0.3569,0.495
2134,LL,Ambient,8,1,566,56,9.931214286,NA,NA
2134,LL,Ambient,8,2,567,56,9.931214286,NA,NA
2134,LL,Ambient,8,3,568,56,9.931214286,0.1725,0.578
2134,LL,Ambient,8,4,569,56,9.931214286,0.2059,0.465
2134,LL,Ambient,8,5,570,56,9.931214286,0.2196,0.497
